description,prix,url_image
"Ceinture de mariée en cristal, strass, Rose, fleur perlée, pour robes de mariée, nouvelle collection","4,33 $US",https://s.alicdn.com/@sc04/kf/H7477a94a88974c809a1667e22ecc291eH.jpg_300x300.jpg
"Ceintures de taille en perles et strass pour femmes, design vintage, de couleur or rose, en cristal, pour robes de mariée, robe de demoiselle d'honneur","6,80 $US",https://s.alicdn.com/@sc04/kf/Hc8bbbd1f76ea4ca2bc077a8c4b1e3d7ap.jpg_300x300.jpg
"Qiao — ceinture de cristal blanche pour robe de mariée, accessoires de couture sur le corsage, applique, strass scintillant, vente en gros, RH9","12,50 $US",https://s.alicdn.com/@sc04/kf/HTB1IMAqXET1gK0jSZFrq6ANCXXa6.jpg_300x300.jpg
Ceinture pour femmes Ceinture de luxe en strass Ceinture en satin brillant pour robe de mariée Accessoire,"8,99 $US",https://s.alicdn.com/@sc04/kf/H263e20bc744544a181400f7e856dd8073.jpg_300x300.jpg
Robe pour dames Ceinture en chaîne avec perles faites à la main pour la décoration de robe de mariée et de vêtement,"6,00 $US",https://s.alicdn.com/@sc04/kf/H72046396042a491c8c5e9acbf4273f7bW.jpg_300x300.jpg
Ceinture de mariage pour femmes perles de cristal ceinture de mariée strass ceintures habillées pour robes de mariée,"6,05 $US",https://s.alicdn.com/@sc04/kf/H0f89fc327291428f8f52d25add711520O.jpg_300x300.jpg
"Ceinture de mariée en cristal perle, bijoux strass appliqués, accessoires de robe de mariée, ceinture de mariée pour mariage","2,71-3,13 $US",https://s.alicdn.com/@sc04/kf/H6e617f7e70a74118a48f44ad889a5856H.jpg_300x300.jpg
"Ceinture élégante, accessoires de mariage, ceintures de robe de mariée pour femmes","5,63 $US",https://s.alicdn.com/@sc04/kf/H24d4d9a6deab4f419fc6ebdbd5a51548b.jpg_300x300.jpg
"Ceinture de mariée élégante, applique pour robe, ruban de mariage, 1 pièce","3,30-3,80 $US",https://s.alicdn.com/@sc04/kf/H90b61fddbdd44204aabf3ca1227c651cD.jpg_300x300.jpg
Offre Spéciale ceinture perlée en cristal et strass de luxe pour robes de mariée à la main ceinture de mariée florale,"28,50 $US",https://s.alicdn.com/@sc04/kf/Hed6f2e7e5b3c42d7a6b1f87abe7c1a699.jpg_300x300.jpg
Ceinture de mariée élégante robe de mariée en strass avec diamants brillants ceintures en strass de décoration de taille pour robe de bal de mariée,"4,60 $US",https://s.alicdn.com/@sc04/kf/H2d276674cbbc42428e7150ea7066e8a9W.jpg_300x300.jpg
Mode mariage ceintures de mariée cristal strass ceinture robe de demoiselle d'honneur ceinture pour les femmes robe ceinture décorative,"3,89 $US",https://s.alicdn.com/@sc04/kf/H9f3ff73cbb62462f86a548358b6d0801Y.jpg_300x300.jpg
Vente en gros Ceinture en cristal avec strass pour la décoration de robe de mariée Chaîne de strass collée pour mariée et demoiselles d'honneur,"4,50 $US",https://s.alicdn.com/@sc04/kf/H3ebb2c04d0bd4587a6de765aec2cdad82.jpg_300x300.jpg
